John,MH-190373,Four wheeler,Maruti Suzuki,swift
Glenda,MH-739371,Two wheeler,Bajaj,Pulsar
Paul,MH-131402,Two wheeler,Hero,Karisma
Mario,MH-922335,Four wheeler,Maruti Suzuki,swift
Evelyn,MH-636571,Four wheeler,Toyoto ,Yaris
Belinda,MH-560694,Four wheeler,Maruti Suzuki,swift
Robert,MH-673560,Four wheeler,Ford,Aspire
Scott,MH-979416,Two wheeler,Hero,Karisma
Vincent,MH-388209,Two wheeler,Bajaj,Dominar
Jane,MH-149616,Four wheeler,Maruti Suzuki,swift
Cedric,MH-987029,Two wheeler,Hero,Honda
Judith,MH-878964,Two wheeler,Hero,Honda
Raymond,MH-241869,Four wheeler,Toyoto ,Camry
William,MH-373886,Two wheeler,Hero,Karisma
Dominic,MH-364508,Two wheeler,TVS,Apache
Sara,MH-256570,Two wheeler,Bajaj,Dominar
Leo,MH-161694,Four wheeler,Maruti Suzuki,wagonR
Juliette,MH-857127,Four wheeler,Maruti Suzuki,wagonR
Joshua,MH-953146,Four wheeler,Ford,figo
Sam,MH-479908,Two wheeler,Hero,Karisma
Michael,MH-401168,Four wheeler,Ford,figo
Ramon,MH-974984,Four wheeler,Ford,figo
Jacqueline,MH-35042,Four wheeler,Toyoto ,Camry
Joseph,MH-410145,Two wheeler,Bajaj,Dominar
Armando,MH-107392,Four wheeler,Ford,figo
Patricia,MH-563731,Four wheeler,Toyoto ,Yaris
Shari,MH-134888,Four wheeler,Ford,figo
Mark,MH-197764,Four wheeler,Maruti Suzuki,swift
Vivian,MH-276231,Four wheeler,Toyoto ,Yaris
Lela,MH-824332,Four wheeler,Maruti Suzuki,wagonR
Delisa,MH-619636,Four wheeler,Ford,Aspire
Aline,MH-831961,Four wheeler,Maruti Suzuki,swift
Debra,MH-564949,Two wheeler,Hero,Karisma
Lisa,MH-449904,Four wheeler,Ford,figo
Maryjane,MH-772598,Four wheeler,Toyoto ,Camry
Ashley,MH-126664,Four wheeler,Toyoto ,Yaris
Rose,MH-913064,Four wheeler,Ford,figo
Hugh,MH-980890,Four wheeler,Maruti Suzuki,wagonR
Victor,MH-298552,Four wheeler,Maruti Suzuki,swift
Kenneth,MH-425773,Two wheeler,Hero,Honda
Barbara,MH-879919,Two wheeler,Bajaj,Pulsar
Timothy,MH-260439,Four wheeler,Toyoto ,Yaris
Harvey,MH-946721,Four wheeler,Maruti Suzuki,wagonR
Helen,MH-665431,Four wheeler,Maruti Suzuki,swift
Calvin,MH-903009,Four wheeler,Toyoto ,Yaris
David,MH-802148,Two wheeler,TVS,Radeon
Rex,MH-744754,Four wheeler,Maruti Suzuki,swift
Kristin,MH-248712,Two wheeler,Bajaj,Pulsar
Craig,MH-961739,Two wheeler,TVS,Radeon
Tamra,MH-524584,Two wheeler,Hero,Karisma
Doris,MH-151132,Two wheeler,Hero,Honda
Laura,MH-156315,Two wheeler,TVS,Radeon
Nichelle,MH-647138,Four wheeler,Ford,Aspire
Elwood,MH-507523,Two wheeler,Bajaj,Pulsar
Heriberto,MH-437724,Two wheeler,Hero,Karisma
Shannon,MH-949351,Four wheeler,Toyoto ,Camry
Victoria,MH-739211,Four wheeler,Ford,figo
Christina,MH-738485,Four wheeler,Toyoto ,Yaris
Boyd,MH-213396,Four wheeler,Maruti Suzuki,wagonR
Bette,MH-709624,Two wheeler,TVS,Radeon
Suzanne,MH-21291,Four wheeler,Toyoto ,Yaris
Edward,MH-591181,Four wheeler,Maruti Suzuki,swift
Janet,MH-239139,Four wheeler,Maruti Suzuki,wagonR
Aaron,MH-461474,Two wheeler,Hero,Karisma
Annie,MH-763317,Two wheeler,Bajaj,Dominar
Claude,MH-517382,Four wheeler,Ford,Aspire
Anna,MH-912460,Four wheeler,Toyoto ,Yaris
Mary,MH-898700,Two wheeler,Bajaj,Pulsar
Kim,MH-587042,Four wheeler,Toyoto ,Yaris
Mildred,MH-150671,Two wheeler,Hero,Honda
Kathleen,MH-35325,Four wheeler,Maruti Suzuki,wagonR
Christa,MH-741671,Four wheeler,Ford,figo
Kaitlyn,MH-627380,Four wheeler,Toyoto ,Camry
Jose,MH-581771,Four wheeler,Toyoto ,Yaris
Sandy,MH-463951,Four wheeler,Toyoto ,Camry
Agustin,MH-92910,Two wheeler,TVS,Radeon
Wanda,MH-154356,Two wheeler,TVS,Radeon
Jeffrey,MH-864902,Four wheeler,Ford,figo
Blanch,MH-724942,Four wheeler,Maruti Suzuki,swift
Mable,MH-315569,Two wheeler,Hero,Karisma
Holly,MH-138144,Four wheeler,Ford,figo
Jesse,MH-899356,Four wheeler,Ford,figo
Therese,MH-382786,Four wheeler,Maruti Suzuki,swift
Megan,MH-172359,Two wheeler,TVS,Apache
Bobbye,MH-111091,Four wheeler,Ford,figo
Nichole,MH-359647,Two wheeler,Bajaj,Pulsar
James,MH-406179,Four wheeler,Maruti Suzuki,wagonR
